<ABET-outcomes>
  <item> (a) An ability to apply knowledge of computing and mathematics appropriate to
  the program's student outcomes and to the discipline.</item>
  <item> (b) An ability to analyze a problem, and identify and define the computing
  requirements appropriate to its solution.</item>
  <item> (c) An Ability to design, implement, and evaluate a computer-based system, process,
  component, or program to meet desired needs.</item>
  <item> (h) Recognition of the need for and an ability to engage in continuing professional
  development</item>
  <item> (i) An ability to use current techniques, skills, and tools necesary for computing
  practice.<item>
  <item> (j) An ability to apply mathematical foundations, algorithmic principles, and computer
  science theory in the modeling and design of computer-based systems in a way that demonstrates
  comprehension of the tradeoffs involved in design choices.</item>
  <item> (k) An ability to apply design and development principles in the construction of
  software systems of varifying complexity.</item>
</ABET-outcomes>
